names(result_mantel),mantel_stat,p_value
S,-0.042618944648317364,0.547
OS,0.16056140174154607,0.167
WN,0.11588978459338249,0.194
ST,-0.05279083778190368,0.596
ST.l,0.007596730314956872,0.51
ST.h,0.11433722914714749,0.223
ST.lh,-0.1297965587445884,0.746
